{"mape_valid": 22.549711167812347, "_runtime": 183, "_timestamp": 1644988018, "_step": 3, "mape_train": 13.262459635734558, "mae_valid": 0.07746662199497223, "mae_train": 0.04444226250052452, "_wandb": {"runtime": 178}}