{"mape_valid": 10.98971888422966, "_runtime": 68, "_timestamp": 1644987819, "_step": 3, "mape_train": 8.22545662522316, "mae_valid": 0.03892787545919418, "mae_train": 0.028009362518787384, "_wandb": {"runtime": 64}}