{"mape_valid": 70.83866596221924, "_runtime": 347, "_timestamp": 1644905256, "_step": 3, "mape_train": 6.015311554074287, "mae_valid": 0.2625270485877991, "mae_train": 0.019848303869366646, "_wandb": {"runtime": 338}}