{"mape_valid": 34.90092754364014, "_runtime": 947, "_timestamp": 1644899692, "_step": 3, "mape_train": 36.45878732204437, "mae_valid": 0.12109195441007614, "mae_train": 0.11560817062854767, "_wandb": {"runtime": 939}}