{"mape_valid": 13.601082563400269, "_runtime": 237, "_timestamp": 1644987742, "_step": 3, "mape_train": 9.648438543081284, "mae_valid": 0.04566412419080734, "mae_train": 0.03097505308687687, "_wandb": {"runtime": 234}}