{"mape_valid": 3740.0569915771484, "_runtime": 463, "_timestamp": 1644886899, "_step": 3, "mape_train": 13155.694580078125, "mae_valid": 13.53316593170166, "mae_train": 44.93998718261719, "_wandb": {"runtime": 455}}