{"mape_valid": 3136.546516418457, "_runtime": 182, "_timestamp": 1644823961, "_step": 3, "mape_train": 1148.6157417297363, "mae_valid": 9.91850757598877, "mae_train": 3.482118606567383, "_wandb": {"runtime": 174}}