{"mape_valid": 93.94652247428894, "_runtime": 403, "_timestamp": 1644893327, "_step": 3, "mape_train": 29.849442839622498, "mae_valid": 0.3344693183898926, "mae_train": 0.0961570292711258, "_wandb": {"runtime": 395}}