{"mape_valid": 157.5474500656128, "_runtime": 3962, "_timestamp": 1644994996, "_step": 3, "mape_train": 85.66962480545044, "mae_valid": 0.5048874616622925, "mae_train": 0.2701003849506378, "_wandb": {"runtime": 3955}}