{"mape_valid": 12.25190982222557, "_runtime": 131, "_timestamp": 1644995138, "_step": 3, "mape_train": 10.00509113073349, "mae_valid": 0.0419873408973217, "mae_train": 0.032046180218458176, "_wandb": {"runtime": 127}}