{"mape_valid": 13.315781950950623, "_runtime": 7500, "_timestamp": 1644920402, "_step": 3, "mape_train": 10.911620408296585, "mae_valid": 0.04439932107925415, "mae_train": 0.034471575170755386, "_wandb": {"runtime": 7492}}