{"mape_valid": 1119.381332397461, "_runtime": 1080, "_timestamp": 1644836223, "_step": 3, "mape_train": 1201.12943649292, "mae_valid": 3.6736719608306885, "mae_train": 3.7738025188446045, "_wandb": {"runtime": 1071}}