{"mape_valid": 21.920771896839142, "_runtime": 628, "_timestamp": 1644891451, "_step": 3, "mape_train": 7.335478812456131, "mae_valid": 0.07919859886169434, "mae_train": 0.02376232109963894, "_wandb": {"runtime": 620}}