{"mape_valid": 14.319510757923126, "_runtime": 290, "_timestamp": 1644912593, "_step": 3, "mape_train": 14.802566170692444, "mae_valid": 0.047508202493190765, "mae_train": 0.045894231647253036, "_wandb": {"runtime": 282}}