{"mape_valid": 25.8254736661911, "_runtime": 99, "_timestamp": 1644824031, "_step": 3, "mape_train": 8.244974166154861, "mae_valid": 0.08337805420160294, "mae_train": 0.027013372629880905, "_wandb": {"runtime": 91}}