{"mape_valid": 105.58031797409058, "_runtime": 806, "_timestamp": 1644906368, "_step": 3, "mape_train": 111.16937398910522, "mae_valid": 0.34389036893844604, "mae_train": 0.34682440757751465, "_wandb": {"runtime": 798}}