{"mape_valid": 13.612240552902222, "_runtime": 342, "_timestamp": 1644842482, "_step": 3, "mape_train": 8.128760755062103, "mae_valid": 0.04774663969874382, "mae_train": 0.026874901726841927, "_wandb": {"runtime": 333}}