{"mape_valid": 51.561689376831055, "_runtime": 816, "_timestamp": 1644902045, "_step": 3, "mape_train": 6.881218403577805, "mae_valid": 0.1829954832792282, "mae_train": 0.02337063103914261, "_wandb": {"runtime": 808}}