{"mape_valid": 103.66352796554565, "_runtime": 760, "_timestamp": 1644888805, "_step": 3, "mape_train": 8.664044737815857, "mae_valid": 0.37568750977516174, "mae_train": 0.027771536260843277, "_wandb": {"runtime": 752}}