{"mape_valid": 36.12765967845917, "_runtime": 1092, "_timestamp": 1644838422, "_step": 3, "mape_train": 21.305589377880096, "mae_valid": 0.1309412270784378, "mae_train": 0.06908223778009415, "_wandb": {"runtime": 1083}}