{"mape_valid": 16.640762984752655, "_runtime": 806, "_timestamp": 1644907483, "_step": 3, "mape_train": 6.479214131832123, "mae_valid": 0.05499481409788132, "mae_train": 0.022000091150403023, "_wandb": {"runtime": 798}}