{"mape_valid": 10.83829253911972, "_runtime": 651, "_timestamp": 1644970630, "_step": 3, "mape_train": 8.62949788570404, "mae_valid": 0.03821226954460144, "mae_train": 0.028206413611769676, "_wandb": {"runtime": 643}}