{"mape_valid": 11.747729033231735, "_runtime": 8257, "_timestamp": 1644928667, "_step": 3, "mape_train": 8.178269118070602, "mae_valid": 0.040460214018821716, "mae_train": 0.026979953050613403, "_wandb": {"runtime": 8253}}