{"mape_valid": 63.40617537498474, "_runtime": 7284, "_timestamp": 1644849433, "_step": 3, "mape_train": 77.48939394950867, "mae_valid": 0.20591072738170624, "mae_train": 0.24112755060195923, "_wandb": {"runtime": 7275}}