{"mape_valid": 10.455705225467682, "_runtime": 1928, "_timestamp": 1644877163, "_step": 3, "mape_train": 7.815003395080566, "mae_valid": 0.03697014972567558, "mae_train": 0.02637513168156147, "_wandb": {"runtime": 1920}}