{"mape_valid": 297.0666170120239, "_runtime": 2898, "_timestamp": 1644841838, "_step": 3, "mape_train": 165.48210382461548, "mae_valid": 0.8662405014038086, "mae_train": 0.5130805373191833, "_wandb": {"runtime": 2890}}