{"mape_valid": 20.183010399341583, "_runtime": 1954, "_timestamp": 1644886127, "_step": 3, "mape_train": 19.371424615383148, "mae_valid": 0.06827089190483093, "mae_train": 0.059630267322063446, "_wandb": {"runtime": 1945}}