{"mape_valid": 13.933514058589935, "_runtime": 423, "_timestamp": 1644909239, "_step": 3, "mape_train": 8.938927948474884, "mae_valid": 0.048954956233501434, "mae_train": 0.028875522315502167, "_wandb": {"runtime": 414}}