{"mape_valid": 25.304237008094788, "_runtime": 588, "_timestamp": 1644969668, "_step": 3, "mape_train": 7.9558320343494415, "mae_valid": 0.09153921157121658, "mae_train": 0.027245813980698586, "_wandb": {"runtime": 579}}