{"mape_valid": 12.775285542011261, "_runtime": 949, "_timestamp": 1644932635, "_step": 3, "mape_train": 8.58372375369072, "mae_valid": 0.04324188828468323, "mae_train": 0.027844207361340523, "_wandb": {"runtime": 945}}