{"mape_valid": 54.25909161567688, "_runtime": 1855, "_timestamp": 1644967598, "_step": 3, "mape_train": 4.642723873257637, "mae_valid": 0.2105136215686798, "mae_train": 0.015033195726573467, "_wandb": {"runtime": 1848}}