{"mape_valid": 13.934816420078278, "_runtime": 286, "_timestamp": 1644890515, "_step": 3, "mape_train": 10.936886072158813, "mae_valid": 0.04826650768518448, "mae_train": 0.03456860035657883, "_wandb": {"runtime": 278}}