{"mape_valid": 50.137174129486084, "_runtime": 909, "_timestamp": 1644889395, "_step": 3, "mape_train": 7.104535400867462, "mae_valid": 0.1598040908575058, "mae_train": 0.02398645132780075, "_wandb": {"runtime": 901}}