{"mape_valid": 15.014739334583282, "_runtime": 3017, "_timestamp": 1644878239, "_step": 3, "mape_train": 10.754404962062836, "mae_valid": 0.05116966366767883, "mae_train": 0.033654678612947464, "_wandb": {"runtime": 3009}}