{"mape_valid": 11.992890387773514, "_runtime": 10264, "_timestamp": 1644887734, "_step": 3, "mape_train": 9.12942960858345, "mae_valid": 0.0423135980963707, "mae_train": 0.02931854873895645, "_wandb": {"runtime": 10255}}