{"mape_valid": 61.99156641960144, "_runtime": 4083, "_timestamp": 1644829101, "_step": 3, "mape_train": 12.848678231239319, "mae_valid": 0.22919461131095886, "mae_train": 0.040159426629543304, "_wandb": {"runtime": 4075}}