{"mape_valid": 10.572551190853119, "_runtime": 2496, "_timestamp": 1644935547, "_step": 3, "mape_train": 8.83907601237297, "mae_valid": 0.03528686985373497, "mae_train": 0.028047382831573486, "_wandb": {"runtime": 2493}}