{"mape_valid": 11.45334243774414, "_runtime": 774, "_timestamp": 1644901242, "_step": 3, "mape_train": 8.177150040864944, "mae_valid": 0.038105789572000504, "mae_train": 0.026454485952854156, "_wandb": {"runtime": 766}}