{"mape_valid": 12.899596989154816, "_runtime": 415, "_timestamp": 1644822881, "_step": 3, "mape_train": 7.496001571416855, "mae_valid": 0.04648180305957794, "mae_train": 0.02579745650291443, "_wandb": {"runtime": 407}}