{"mape_valid": 12.931017577648163, "_runtime": 312, "_timestamp": 1644909859, "_step": 3, "mape_train": 7.652579993009567, "mae_valid": 0.046893563121557236, "mae_train": 0.025390421971678734, "_wandb": {"runtime": 303}}