{"mape_valid": 12.371902167797089, "_runtime": 340, "_timestamp": 1644883865, "_step": 3, "mape_train": 8.488808572292328, "mae_valid": 0.04261363670229912, "mae_train": 0.027638958767056465, "_wandb": {"runtime": 330}}