{"mape_valid": 12.080851197242737, "_runtime": 859, "_timestamp": 1644892617, "_step": 3, "mape_train": 10.853669792413712, "mae_valid": 0.040889572352170944, "mae_train": 0.03435838967561722, "_wandb": {"runtime": 851}}