{"mape_valid": 24.05851185321808, "_runtime": 4967, "_timestamp": 1644900158, "_step": 3, "mape_train": 17.15632528066635, "mae_valid": 0.08143695443868637, "mae_train": 0.05680236220359802, "_wandb": {"runtime": 4959}}