{"mape_valid": 11.951831728219986, "_runtime": 970, "_timestamp": 1644888180, "_step": 3, "mape_train": 12.60676383972168, "mae_valid": 0.039896782487630844, "mae_train": 0.0391903892159462, "_wandb": {"runtime": 962}}