{"mape_valid": 15.38839340209961, "_runtime": 1238, "_timestamp": 1644879787, "_step": 3, "mape_train": 9.534924477338791, "mae_valid": 0.052985407412052155, "mae_train": 0.03232096508145332, "_wandb": {"runtime": 1230}}