{"mape_valid": 14.412862062454224, "_runtime": 366, "_timestamp": 1644900923, "_step": 3, "mape_train": 6.762473285198212, "mae_valid": 0.05178281292319298, "mae_train": 0.023225799202919006, "_wandb": {"runtime": 358}}