{"mape_valid": 19.9440598487854, "_runtime": 493, "_timestamp": 1644987495, "_step": 3, "mape_train": 23.406147956848145, "mae_valid": 0.06375744938850403, "mae_train": 0.07219558954238892, "_wandb": {"runtime": 490}}