{"mape_valid": 14.45428878068924, "_runtime": 6494, "_timestamp": 1644834836, "_step": 3, "mape_train": 8.600116521120071, "mae_valid": 0.05084653198719025, "mae_train": 0.027978641912341118, "_wandb": {"runtime": 6485}}