{"mape_valid": 17.801424860954285, "_runtime": 792, "_timestamp": 1644889913, "_step": 3, "mape_train": 8.065111935138702, "mae_valid": 0.05688945949077606, "mae_train": 0.026277052238583565, "_wandb": {"runtime": 785}}