{"mape_valid": 14.383825659751892, "_runtime": 869, "_timestamp": 1644839598, "_step": 3, "mape_train": 7.401113957166672, "mae_valid": 0.05148295685648918, "mae_train": 0.025586411356925964, "_wandb": {"runtime": 861}}