{"mape_valid": 11.663588136434555, "_runtime": 489, "_timestamp": 1644837022, "_step": 3, "mape_train": 9.552207589149475, "mae_valid": 0.04000146687030792, "mae_train": 0.030632054433226585, "_wandb": {"runtime": 480}}