{"mape_valid": 11.033032089471817, "_runtime": 134, "_timestamp": 1644826359, "_step": 3, "mape_train": 7.608376443386078, "mae_valid": 0.03952428326010704, "mae_train": 0.025781890377402306, "_wandb": {"runtime": 125}}