{"mape_valid": 20.09526789188385, "_runtime": 106, "_timestamp": 1644968011, "_step": 3, "mape_train": 9.038214385509491, "mae_valid": 0.07087358832359314, "mae_train": 0.031199868768453598, "_wandb": {"runtime": 98}}