{"mape_valid": 36.955422163009644, "_runtime": 269, "_timestamp": 1644822724, "_step": 3, "mape_train": 8.50362479686737, "mae_valid": 0.13672204315662384, "mae_train": 0.02730565145611763, "_wandb": {"runtime": 261}}