{"mape_valid": 11.783615499734879, "_runtime": 114, "_timestamp": 1645524283, "_step": 3, "mape_train": 10.032319277524948, "mae_valid": 0.040083907544612885, "mae_train": 0.032163217663764954, "_wandb": {"runtime": 107}}