{"mape_valid": 13.21091502904892, "_runtime": 225, "_timestamp": 1644841027, "_step": 3, "mape_train": 8.344929665327072, "mae_valid": 0.04667267948389053, "mae_train": 0.02725512906908989, "_wandb": {"runtime": 216}}