{"mape_valid": 14.548450708389282, "_runtime": 589, "_timestamp": 1644840493, "_step": 3, "mape_train": 9.874311089515686, "mae_valid": 0.05258581414818764, "mae_train": 0.03399387747049332, "_wandb": {"runtime": 580}}