{"mape_valid": 12.007655203342438, "_runtime": 6583, "_timestamp": 1644942139, "_step": 3, "mape_train": 8.304952085018158, "mae_valid": 0.04098522663116455, "mae_train": 0.027131294831633568, "_wandb": {"runtime": 6580}}