{"mape_valid": 22.506709396839142, "_runtime": 3123, "_timestamp": 1644883217, "_step": 3, "mape_train": 8.041302114725113, "mae_valid": 0.07793247699737549, "mae_train": 0.025774985551834106, "_wandb": {"runtime": 3114}}