{"mape_valid": 17.23141074180603, "_runtime": 229, "_timestamp": 1644988359, "_step": 3, "mape_train": 8.526290953159332, "mae_valid": 0.061921630054712296, "mae_train": 0.029327739030122757, "_wandb": {"runtime": 226}}