{"mape_valid": 117.02052354812622, "_runtime": 68, "_timestamp": 1644968388, "_step": 3, "mape_train": 115.25505781173706, "mae_valid": 0.37816929817199707, "mae_train": 0.3585422933101654, "_wandb": {"runtime": 60}}