{"mape_valid": 17.791064083576202, "_runtime": 2997, "_timestamp": 1644931675, "_step": 3, "mape_train": 11.495356261730194, "mae_valid": 0.06082509085536003, "mae_train": 0.036274030804634094, "_wandb": {"runtime": 2994}}