{"mape_valid": 13.691318035125732, "_runtime": 425, "_timestamp": 1644823615, "_step": 3, "mape_train": 13.156788051128387, "mae_valid": 0.04580697789788246, "mae_train": 0.04105539619922638, "_wandb": {"runtime": 416}}