{"mape_valid": 15.045063197612762, "_runtime": 87, "_timestamp": 1644988121, "_step": 3, "mape_train": 10.371749848127365, "mae_valid": 0.05170096084475517, "mae_train": 0.03281472623348236, "_wandb": {"runtime": 84}}