{"mape_valid": 11.646891385316849, "_runtime": 3563, "_timestamp": 1644990526, "_step": 3, "mape_train": 9.556835144758224, "mae_valid": 0.039889320731163025, "mae_train": 0.030798396095633507, "_wandb": {"runtime": 3560}}