{"mape_valid": 2.7460304662924204e+23, "_runtime": 2641, "_timestamp": 1644991016, "_step": 3, "mape_train": 2.887677963247454e+23, "mae_valid": 9.12126487799066e+20, "mae_train": 9.089322393946093e+20, "_wandb": {"runtime": 2637}}