{"mape_valid": 12.898024916648865, "_runtime": 487, "_timestamp": 1644841830, "_step": 3, "mape_train": 7.799018919467926, "mae_valid": 0.045917708426713943, "mae_train": 0.025922754779458046, "_wandb": {"runtime": 479}}