{"mape_valid": 11.528041958808899, "_runtime": 10711, "_timestamp": 1644979409, "_step": 3, "mape_train": 9.195999801158905, "mae_valid": 0.03986654430627823, "mae_train": 0.029809633269906044, "_wandb": {"runtime": 10703}}