{"mape_valid": 12.901143729686737, "_runtime": 395, "_timestamp": 1644933039, "_step": 3, "mape_train": 7.9064421355724335, "mae_valid": 0.04517288878560066, "mae_train": 0.02685229666531086, "_wandb": {"runtime": 391}}