{"mape_valid": 130.32633066177368, "_runtime": 273, "_timestamp": 1644827517, "_step": 3, "mape_train": 148.29835891723633, "mae_valid": 0.4073411226272583, "mae_train": 0.4555946886539459, "_wandb": {"runtime": 264}}