{"mape_valid": 16.30341112613678, "_runtime": 333, "_timestamp": 1644995733, "_step": 3, "mape_train": 11.835193634033203, "mae_valid": 0.05644896626472473, "mae_train": 0.03725073114037514, "_wandb": {"runtime": 330}}