{"mape_valid": 13.213671743869781, "_runtime": 708, "_timestamp": 1644908499, "_step": 3, "mape_train": 7.226911187171936, "mae_valid": 0.04662102088332176, "mae_train": 0.024762140586972237, "_wandb": {"runtime": 700}}