{"mape_valid": 12.33176440000534, "_runtime": 268, "_timestamp": 1644826937, "_step": 3, "mape_train": 8.182060718536377, "mae_valid": 0.04391196742653847, "mae_train": 0.026826918125152588, "_wandb": {"runtime": 258}}