{"mape_valid": 30.63940703868866, "_runtime": 10447, "_timestamp": 1644911997, "_step": 3, "mape_train": 17.441248893737793, "mae_valid": 0.10579776763916016, "mae_train": 0.05844506248831749, "_wandb": {"runtime": 10439}}