{"mape_valid": 22.828911244869232, "_runtime": 237, "_timestamp": 1644995392, "_step": 3, "mape_train": 14.759236574172974, "mae_valid": 0.07875464111566544, "mae_train": 0.049420107156038284, "_wandb": {"runtime": 233}}