{"mape_valid": 36.07020378112793, "_runtime": 2588, "_timestamp": 1644898437, "_step": 3, "mape_train": 26.83744728565216, "mae_valid": 0.1191629096865654, "mae_train": 0.08264660090208054, "_wandb": {"runtime": 2579}}