{"mape_valid": 31.90014362335205, "_runtime": 5172, "_timestamp": 1644894876, "_step": 3, "mape_train": 34.21793580055237, "mae_valid": 0.10253982990980148, "mae_train": 0.11181420832872391, "_wandb": {"runtime": 5164}}